/*
	Script to add dummy data into database and
	test existing tables and relations.

	See DBcode.sql for more information.


*/


INSERT INTO students (student_first_name, student_last_name, student_email, 
		     student_mobile_number,
		     student_extra_time, student_is_active)
VALUES	('Cathy', 'Yan', 'cathy.yan@centre.edu', '445-987-0500', 
	FALSE, TRUE),
	('Mark', 'Hisle', 'mark.hisle@centre.edu', '859-456-6625', 
	TRUE, TRUE),
        ('Tori', 'Daniel', 'tori.daniel@gmail.com', '567-893-1427', 
	FALSE, TRUE),
	('Terry', 'Chen', 'terry.chen@centre.edu', '758-182-0000', 
	FALSE, TRUE),
	('Tianrui', 'Chen', 'tianrui.chen@centre.edu', '388-563-7477', 
	FALSE, FALSE),
	('Allie', 'Riley', 'allie.riley@centre.edu', '606-744-1122', 
	TRUE, TRUE),
        ('Philip', 'Parker', 'philip.parker@centre.edu', '555-719-9966', 
	FALSE, TRUE),
	('Madi', 'Bates', 'madi.bates@centre.edu', '859-808-1665', 
	FALSE, TRUE),
	('John', 'Gerreaux', 'john.gerreaux@centre.edu', '859-808-2222', 
	FALSE, TRUE),
	('Makayla', 'Jones', 'makayla.jones@centre.edu', '859-844-1825', 
	FALSE, TRUE),
	('Drew', 'Moo', 'drew.moo@centre.edu', '859-812-1456', 
	FALSE, TRUE),
	('Justin', 'Germann', 'justin.germann@centre.edu', '859-808-4444', 
	FALSE, TRUE);

INSERT INTO proctors (proctor_first_name, proctor_last_name, proctor_email,
		     proctor_home_phone, proctor_shift,
	             proctor_is_active)
VALUES	('Casey', 'Thompson', 'casey.boi@yahoo.com', '771-445-1983',
	'-M-W-F-', TRUE),
	('Kaj', 'Den Ouden', 'kaj.den_ouden@aol.com', '655-737-1194',
	'-MTWRF-', TRUE),
	('Alexander', 'Leff', 'mrloaf@bellsouth.net', '885-725-2348',
	'-M-W-FS', FALSE),
	('Ailiyah', 'Alim', 'a.a@yahoo.com', '772-445-1983',
	'SMTWRFS', TRUE),
	('Teri', 'Chen', 'teri.chen@centre.edu', '294-184-3938',
	'-M-W-F-', TRUE);


INSERT INTO instructors (instructor_first_name, instructor_last_name, 
		   instructor_email, instructor_office_phone, 
	           instructor_office_number, instructor_is_active)
VALUES	('Patrick', 'Rick', 'p.leahey@centre.edu', '667-984-6222',
	'B243', FALSE),
	('Bob', 'Allen', 'b.allen@centre.edu', '462-444-1732',
	'Q742', TRUE),
	('Daniel', 'Toth', 'd.toth@centre.edu', '123-456-1234',
	'Y344', TRUE),
	('Mitchell', 'Bradshaw', 'm.bradshaw@centre.edu', '859-444-8516',
	'B245', TRUE),
	('Shanley', 'Marker', 'shanley.marker@centre.edu', '829-392-3828',
	'Q747', TRUE),
	('Tori', 'Daniel', 'tori.daniel@centre.edu', '859-924-2938', 
	'B245', TRUE);


INSERT INTO tests (instructor_id, test_date, test_length, test_version,
		  test_course , test_file_blob, test_start_time, test_status)
VALUES	(2, '06-23-2019', '02:00:00', '1.0.2', 'Statistical Modeling', 
	'0110101', '08:00:00', 'Completed'),
	(3, '10-11-2019', '02:00:00', '1.0.1', 'Intro to Math', '0110101', 
	'08:00:00', 'Incomplete'),
	(4, '11-01-2019', '04:00:00', '1.0.0', 'Outro to Reading', '0110101', 
	'12:00:00', 'Completed'),
	(2, '08-18-2019', '02:00:00', '1.0.0', 'Senior Seminar', '0110101', 
	'12:00:00', 'Completed'),
	(2, '02-23-2016', '02:00:00', '1.0.2', 'Macroeconomics', '0110101', 
	'08:00:00', 'Completed'),
	(3, '03-23-2021', '02:00:00', '2.0.2', 'Environmental Studies',
	'0110101', '18:00:00', 'Not Started'),
	(2, '04-25-2020', '02:00:00', '3.0.1', 'Databases', '0110101', 
	'08:00:00', 'Not Started'),
	(1, '01-22-2017', '06:00:00', '1.0.2', 'Algorithms', '0110101', 
	'18:00:00', 'Completed'),
	(6, '12-05-2019', '02:00:00', '1.0.3', 'Environmental Studies',
	'0110101', '08:00:00', 'Completed'),
	(6, '12-05-2019', '2:00:00', '1.0.3', 'Environmental Studies',
	'0110101', '13:00:00', 'Started'),
	(6, '12-05-2019', '2:00:00', '3.1.2', 'Intro to French',
	'0110101', '14:00:00', 'Incomplete'),
	(6, '12-05-2019', '2:00:00', '3.1.2', 'Intro to French',
	'0110101', '14:00:00', 'Started'),
	(6, '12-08-2019', '2:00:00', '2.1.2', 'Intro to Glass',
	'0110101', '08:00:00', 'Not Started'),
	(6, '12-08-2019', '3:00:00', '2.1.2', 'Intro to Glass',
	'0110101', '08:00:00', 'Not Started'),
	(6, '10-31-2019', '2:00:00', '2.3.2', 'Intro to Glass',
	'0110101', '08:00:00', 'Completed'),
	(6, '10-31-2019', '3:00:00', '2.3.2', 'Intro to Glass', 
	'0110101', '09:00:00', 'Incomplete'),
	(6, '12-08-2019', '2:00:00', '2.3.1', 'Glass History',
	'0110101', '13:00:00', 'Not Started'),
	(6, '11-05-2019', '1:00:00', '1.2.1', 'Computer Theory',
	'0110101', '08:00:00', 'Completed'),
	(6, '11-07-2019', '1:00:00', '1.2.1', 'Computer Theory',
	'0110101', '09:00:00', 'Completed'),
	(6, '11-10-2019', '2:00:00', '1.3.2', 'Intro to Economics',
	'0110101', '08:00:00', 'Completed'),
	(6, '11-14-2019', '1:00:00', '1.3.2', 'Intro to Economics',
	'0110101', '10:00:00', 'Completed'),
	(6, '11-16-2019', '2:00:00', '1.3.2', 'Software Development',
	'0110101', '13:00:00', 'Completed'),
	(6, '11-21-2019', '2:00:00', '2.1.3', 'Algorithms',
	'0110101', '08:00:00', 'Completed'),
	(6, '11-23-2019', '2:00:00', '1.2.3', 'Graphics',
	'0110101', '13:00:00', 'Completed'),
	(6, '11-24-2019', '2:00:00', '2.3.2', 'A.I.',
	'0110101', '13:00:00', 'Completed'),
	(6, '11-25-2019', '1:0:00', '3.2.3', 'Machine Learning',
	'0110101', '09:00:00', 'Completed'),
	(6, '11-30-2019', '1:00:00', '2.4.5', 'Intro to Bio',
	'0110101', '09:00:00', 'Completed'),
	(6, '10-17-2019', '2:00:00', '2.4.3', 'Intro to Chem',
	'0110101', '08:00:00', 'Completed'),
	(6, '10-20-2019', '2:00:00', '2.1.2', 'Unreal Engine',
	'0110101', '13:00:00', 'Completed'),
	(6, '10-24-2019', '2:00:00', '2.3.4', 'Photography',
	'0110101', '13:00:00', 'Completed'),
	(6, '10-26-2019', '2:00:00', '3.2.2', 'Intro to Latin',
	'0110101', '08:00:00', 'Completed');


INSERT INTO seats (seat_id, room_id, is_computer)
VALUES	(1, 1, TRUE),
	(2, 1, TRUE),
	(3, 1, TRUE),
	(4, 1, TRUE),
	(5, 1, TRUE),
	(6, 1, TRUE),
	(7, 1, FALSE),
	(8, 1, FALSE),
	(9, 1, FALSE),
	(10, 1, FALSE),
	(11, 1, FALSE),
	(12, 1, FALSE),
	(13, 1, FALSE),
	(14, 1, FALSE),
	(15, 1, FALSE),
	(16, 1, FALSE),
	(17, 1, FALSE),
	(18, 1, FALSE),
	(19, 1, FALSE),
	(20, 1, FALSE),
	(21, 1, FALSE),
	(22, 1, FALSE);


INSERT INTO reservations (student_id, test_id, seat_id, test_time_stamp)
VALUES	(1,1,1, '2019-10-19 10:23:54'),
	(2,2,3, '2019-11-23 11:10:15'),
	(3,1,4, '2019-11-23 11:00:00'),
	(2,3,11, '2020-05-20 08:00:00'),
	(2,5,18, '2020-04-29 18:00:00'),
	(2,6,9, '2020-12-10 12:00:00'),
	(2,4,9, '2020-12-10 06:00:00'),
	(11,3,5, '2020-05-20 08:00:00'),
	(11,5,19, '2020-04-29 18:00:00'),
	(11,6,4, '2020-12-10 12:00:00'),
	(11,4,10, '2020-12-10 06:00:00'),
	(2, 9, 1, '2019-12-05 08:00:00'),
	(11, 9, 4, '2019-12-05 08:00:00'),
	(2, 10, 2, '2019-12-05 13:00:00'),
	(11, 10, 6, '2019-12-05 13:00:00'),
	(4, 11, 3, '2019-12-05 14:00:00'),
	(1, 12, 4, '2019-12-05 14:00:00'),
       (2, 13, 1, '2019-12-08 08:00:00'),
	(11, 14, 2, '2019-12-08 08:00:00'),
	(4, 14, 4, '2019-12-08 08:00:00'),
	(2, 15, 7, '2019-10-31 08:00:00'),
	(6, 15, 3, '2019-10-31 08:00:00'),
	(11, 16, 2, '2019-10-31 09:00:00'),
	(2, 17, 4, '2019-12-08 13:00:00'),
	(2, 18, 1, '2019-11-05 08:00:00'),
	(11, 18, 3, '2019-11-05 08:00:00'),
	(2, 19, 1, '2019-11-07 09:00:00'),
	(11, 19, 2, '2019-11-07 09:00:00'),
	(2, 20, 1, '2019-11-10 08:00:00'),
	(11, 20, 3, '2019-11-10 08:00:00'),
	(2, 21, 2, '2019-11-14 10:00:00'),
	(11, 21, 3, '2019-11-14 10:00:00'),
	(2, 22, 2, '2019-11-16 13:00:00'),
	(11, 22, 4, '2019-11-16 13:00:00'),
	(2, 23, 1, '2019-11-21 08:00:00'),
	(11, 23, 3, '2019-11-21 08:00:00'),
	(2, 24, 6, '2019-11-23 13:00:00'),
	(11, 24, 8, '2019-11-23 13:00:00'),
	(2, 25, 1, '2019-11-24 13:00:00'),
	(11, 25, 2, '2019-11-24 13:00:00'),
	(2, 26, 1, '2019-11-25 09:00:00'),
	(11, 26, 2, '2019-11-25 09:00:00'),
	(2, 27, 1, '2019-11-30 09:00:00'),
	(11, 27, 2, '2019-11-30 09:00:00'),
	(2, 28, 1, '2019-10-17 08:00:00'),
	(11, 28, 4, '2019-10-17 08:00:00'),
	(2, 29, 1, '2019-10-20 13:00:00'),
	(11, 29, 2, '2019-10-20 13:00:00'),
	(2, 30, 1, '2019-10-24 13:00:00'),
	(11, 30, 2, '2019-10-24 13:00:00'),
	(2, 31, 1, '2019-10-26 08:00:00'),
	(11, 31, 2, '2019-10-26 08:00:00');
	

UPDATE reservations SET proctor_id=5;
